count,124.0
mean,48.91926203961292
std,43.90182813695514
min,1.179941003
25%,15.154319257500001
50%,33.33032708
75%,77.756146735
max,205.5555556
