count,522.0
mean,17.54595879161112
std,51.65818918748476
min,0.0
25%,3.8791579667500002
50%,10.386472255000001
75%,21.6703267725
max,1096.781076
