,AbsPE,AbsPE,AbsPE,AbsPE,AbsPE,AbsPE,AbsPE,AbsPE,PercentError,PercentError,PercentError,PercentError,PercentError,PercentError,PercentError,PercentError
,count,mean,std,min,5%,50%,95%,max,count,mean,std,min,5%,50%,95%,max
ForecastHorizon,,,,,,,,,,,,,,,,
0,165.0,20.095741864587886,29.468813919595842,0.0,0.8684205776000001,11.76470588,57.71085544999998,227.6024741,165.0,8.075672573836364,34.77208820080682,-45.45454545,-25.181015020000004,0.0,57.71085544999998,227.6024741
1,206.0,12.881899352194168,11.513442064834448,0.0,0.03608382275,10.457443555000001,36.854695115,52.57352941,206.0,-9.198461119970874,14.63857000704996,-48.88888889,-36.32433994,-8.117889688,11.383563927500001,52.57352941
2,340.0,15.230934950350015,15.019993791696693,0.0,0.6902449788999999,11.037185335,47.542285968499996,93.37979094,340.0,-7.79431756269118,19.93327143047734,-85.86206897,-40.263936193499994,-7.644590293,20.38307303550001,93.37979094
3,251.0,16.249713807087648,13.586807062551879,0.003121001,1.222528262,13.17365269,39.200230345,83.42142857,251.0,-10.363522453541833,18.489957537184,-83.42142857,-37.021072795,-10.74430689,17.293538105,71.66666667
4,131.0,16.047020254656488,11.541032970455115,0.034435262,0.81073314,15.13859275,35.434291595000005,54.5818473,131.0,-10.359544646961831,16.868236957245763,-54.5818473,-35.434291595000005,-12.16216216,20.185555524999998,31.38686131
5,67.0,16.8190513761194,17.82243548103557,0.00129234,0.03922871260000003,14.35185185,44.808810376,118.36228290000001,67.0,-10.442383141910446,22.228590279109532,-47.72727273,-43.990384614999996,-13.81522259,13.397097696999992,118.36228290000001
5+,131.0,29.546580081122137,26.471171525062143,0.548446069,2.2338601750000002,25.47169811,78.96940340500001,147.36842109999998,131.0,4.7074278590763345,39.472881404937496,-77.56642512,-44.731057995,-3.129800307,72.074302735,147.36842109999998
