,AbsPE,AbsPE,AbsPE,AbsPE,AbsPE,AbsPE,AbsPE,AbsPE,PercentError,PercentError,PercentError,PercentError,PercentError,PercentError,PercentError,PercentError
,count,mean,std,min,5%,50%,95%,max,count,mean,std,min,5%,50%,95%,max
Decade_Opening,,,,,,,,,,,,,,,,
1,40.0,32.29756879865001,26.691709416384516,0.97826087,2.3264133417500004,27.1986835,90.585283247,107.0456881,40.0,29.40204985645001,29.927923370210305,-27.85913664,-11.685668865499999,25.321995645,90.585283247,107.0456881
2,49.0,23.58293402967347,44.25171910708801,0.285477673,2.1323460562000003,10.15761821,54.20625574599997,227.6024741,49.0,12.119054968163267,48.74448341243506,-33.93678384,-23.818843723999997,-1.8679992490000001,54.20625574599997,227.6024741
3,11.0,13.88251865990909,15.40825588024939,0.751490023,0.8252774675000001,6.553079948,40.188631495,50.71059632,11.0,3.4739493277272717,20.883868169557527,-29.66666667,-24.806248340000003,-0.751490023,34.595200245,50.71059632
4,247.0,17.68636317006884,13.437564833057307,0.038738668999999996,1.4076143201000002,15.13859275,40.252881519,93.37979094,247.0,-9.210185192246962,20.235484358851362,-65.08498825,-35.99340225,-11.94331984,20.273907464999997,93.37979094
5,373.0,13.94541687043969,12.88487669514438,0.0,0.12182661220000011,10.64224022,39.179733148,83.94648829,373.0,-8.817805473715811,16.82423168480836,-61.64383562,-35.225832816,-8.441558442,13.716627633999993,83.94648829
6,179.0,13.67712090822346,15.854946021460606,0.0,0.0337325151,8.898305085,42.943039394,118.36228290000001,179.0,-8.653952413284914,19.083559449564493,-83.42142857,-42.449135094,-5.78358209,14.122123920999996,118.36228290000001
