,AbsPE,AbsPE,AbsPE,AbsPE,AbsPE,AbsPE,AbsPE,AbsPE,PercentError,PercentError,PercentError,PercentError,PercentError,PercentError,PercentError,PercentError
,count,mean,std,min,5%,50%,95%,max,count,mean,std,min,5%,50%,95%,max
Range_Open,,,,,,,,,,,,,,,,
3,4.0,19.43633241875,18.452064348142006,5.409997988,5.98730037785,13.0824513135,41.78079800699999,46.17042906,4.0,16.731333424749998,21.700768304462574,-5.409997988,-3.209696201749999,13.0824513135,41.78079800699999,46.17042906
5,229.0,22.94719923696944,27.84263914000774,0.21367521399999997,1.5164661802000001,15.87301587,58.410758206,227.6024741,229.0,2.133407778951967,36.0489202449194,-83.42142857,-40.201157314,-2.843601896,55.830645033999986,227.6024741
7,371.0,16.097993829638817,15.74768028973043,0.0,0.592203692,11.21495327,43.579095325,130.7692308,371.0,-7.352262448312666,21.298670687818447,-77.56642512,-39.69646876,-7.683297988,26.864297094999998,130.7692308
8,128.0,17.30282688719531,18.00719414266886,0.285477673,0.7932503118500001,11.675035865,49.611111111499994,108.1283976,128.0,-7.053325118742187,23.997148181061146,-57.14285714,-43.1888384745,-6.446936543,26.122528695999975,108.1283976
9,168.0,17.06818191888096,18.580885237987083,0.0,0.76666666675,12.359420895,46.977781408000006,118.36228290000001,168.0,-5.407410530916662,24.67592752765488,-85.86206897,-33.3380878795,-7.510891886,35.09403501200001,118.36228290000001
10,35.0,18.165281898742855,13.641877769445571,1.092896175,4.0937759362,12.80353201,44.225628252999954,57.77777778,35.0,-5.145516526114287,22.32775087031341,-57.77777778,-28.135758406999997,-11.2244898,39.051909445,56.19069067
11,356.0,14.896887283617982,13.413111721838067,0.0,0.101134348,12.36535277,38.57308093499999,93.37979094,356.0,-8.680333642848316,18.08019621684845,-62.99559471,-34.4253049925,-9.641459323500001,19.5958089725,93.37979094
